"age_bracket","percentageofemployeewholeft"
"<30","27.9141104294478528"
">40","11.1827956989247312"
"30-40","13.8438880706921944"
